Uniprot_Entry,PDB_Code
O00141,
O00186,
O00220,
O00238,
O00257,
O00267,
O00329,
O00370,
O00391,
O00408,
O00410,
O00421,
O00444,
O00471,
O00478,
O00487,
O00499,
O00505,
O00506,
O00512,
O00515,
O00522,
O00533,
O00566,
O00567,
O00592,
O00743,
O00750,
O00754,
O00757,
O00763,
O14494,
O14497,
O14498,
O14511,
O14524,
O14578,
O14639,
O14646,
O14647,
O14709,
O14733,
O14775,
O14776,
O14782,
O14786,
O14788,
O14791,
O14792,
O14815,
O14832,
O14862,
O14867,
O14879,
O14936,
O14974,
O14976,
O14981,
O14983,
O15013,
O15014,
O15015,
O15020,
O15021,
O15031,
O15034,
O15042,
O15061,
O15068,
O15078,
O15083,
O15090,
O15105,
O15145,
O15160,
O15164,
O15205,
O15211,
O15213,
O15228,
O15229,
O15265,
O15294,
O15327,
O15353,
O15381,
O15403,
O15409,
O15438,
O15457,
O15480,
O15484,
O15492,
O15498,
O15544,
O43147,
O43148,
O43151,
O43166,
O43184,
O43237,
O43255,
O43290,
O43295,
O43299,
O43307,
O43312,
O43325,
O43345,
O43374,
O43390,
O43395,
O43423,
O43424,
O43432,
O43451,
O43462,
O43491,
O43505,
O43520,
O43602,
O43639,
O43707,
O43719,
O43731,
O43752,
O43765,
O43781,
O43790,
O43823,
O43829,
O43854,
O43897,
O43900,
O43927,
O60220,
O60229,
O60238,
O60266,
O60271,
O60279,
O60281,
O60282,
O60292,
O60293,
O60303,
O60306,
O60313,
O60331,
O60333,
O60346,
O60361,
O60384,
O60422,
O60437,
O60443,
O60447,
O60486,
O60488,
O60502,
O60518,
O60522,
O60603,
O60610,
O60656,
O60662,
O60673,
O60674,
O60687,
O60704,
O60729,
O60733,
O60759,
O60809,
O60814,
O60832,
O60840,
O60844,
O60870,
O75015,
O75037,
O75044,
O75064,
O75093,
O75094,
O75096,
O75112,
O75116,
O75132,
O75140,
O75152,
O75153,
O75159,
O75164,
O75165,
O75170,
O75179,
O75182,
O75326,
O75334,
O75344,
O75351,
O75352,
O75362,
O75363,
O75366,
O75368,
O75376,
O75385,
O75417,
O75420,
O75426,
O75437,
O75449,
O75469,
O75477,
O75553,
O75558,
O75570,
O75575,
O75592,
O75602,
O75626,
O75636,
O75689,
O75691,
O75695,
O75815,
O75828,
O75882,
O75884,
O75897,
O75899,
O75909,
O75923,
O75943,
O75955,
O75962,
O75964,
O75970,
O75976,
O76021,
O76031,
O76038,
O76039,
O76041,
O76064,
O94769,
O94776,
O94782,
O94788,
O94808,
O94812,
O94822,
O94826,
O94832,
O94868,
O94874,
O94905,
O94910,
O94913,
O94915,
O94916,
O94919,
O94972,
O94985,
O95049,
O95155,
O95163,
O95171,
O95197,
O95199,
O95202,
O95238,
O95239,
O95267,
O95299,
O95302,
O95340,
O95347,
O95359,
O95390,
O95393,
O95425,
O95445,
O95450,
O95455,
O95466,
O95478,
O95490,
O95497,
O95502,
O95573,
O95631,
O95661,
O95678,
O95696,
O95714,
O95749,
O95754,
O95757,
O95785,
O95789,
O95810,
O95835,
O95847,
O95932,
O96001,
O96005,
O96011,
O96028,
P00325,
P00338,
P00352,
P00367,
P00390,
P00441,
P00450,
P00451,
P00488,
P00491,
P00533,
P00558,
P00698,
P00734,
P00736,
P00738,
P00739,
P00740,
P00741,
P00742,
P00747,
P00748,
P00751,
P00915,
P00918,
P00966,
P01008,
P01009,
P01011,
P01012,
P01019,
P01023,
P01024,
P01031,
P01034,
P01042,
P01210,
P01344,
P01589,
P01602,
P01705,
P01709,
P01742,
P01764,
P01780,
P01817,
P01824,
P01832,
P01834,
P01857,
P01859,
P01860,
P01861,
P01871,
P01876,
P01877,
P02008,
P02042,
P02144,
P02452,
P02454,
P02457,
P02459,
P02461,
P02462,
P02466,
P02489,
P02511,
P02538,
P02549,
P02585,
P02647,
P02649,
P02652,
P02654,
P02655,
P02656,
P02671,
P02675,
P02679,
P02730,
P02741,
P02743,
P02745,
P02746,
P02747,
P02748,
P02749,
P01602,
P02751,
P02753,
P02760,
P02763,
P02765,
P02766,
P02768,
P02769,
P02771,
P02774,
P02775,
P02787,
P02790,
P02794,
P03372,
P03951,
P03952,
P03956,
P03973,
P04003,
P04004,
P04040,
P04053,
P04062,
P04070,
P04075,
P04083,
P04085,
P04114,
P04180,
P04181,
P04196,
P04216,
P04217,
P04258,
P04275,
P04278,
P04406,
P04424,
P04632,
P04792,
P04899,
P04920,
P05019,
P05023,
P05089,
P05090,
P05106,
P05109,
P05114,
P05121,
P05154,
P05155,
P05156,
P05160,
P05165,
P05166,
P05452,
P05543,
P05546,
P05771,
P05783,
P05997,
P06276,
P06310,
P06312,
P06396,
P06400,
P06401,
P06681,
P06702,
P06727,
P06732,
P06733,
P06744,
P06753,
P06865,
P06899,
P07195,
P07196,
P07197,
P07205,
P07225,
P07237,
P07306,
P07333,
P07357,
P07358,
P07359,
P07360,
P07384,
P07451,
P07492,
P07585,
P07737,
P07738,
P07766,
P07900,
P07911,
P07942,
P07948,
P07951,
P07954,
P07996,
P07998,
P08123,
P08133,
P08172,
P08174,
P08183,
P08253,
P08294,
P08567,
P08571,
P08572,
P08575,
P08603,
P08637,
P08651,
P08670,
P08697,
P08708,
P08758,
P08F94,
P09104,
P09172,
P09326,
P09327,
P09467,
P09493,
P09543,
P09601,
P09630,
P09871,
P09960,
P09972,
P0C0L4,
P0C0L5,
P0C671,
P0C7I0,
P0C7I6,
P0C7P3,
P0C881,
P0CF74,
P0CG04,
P0CG38,
P0CG41,
P0CG47,
P0CJ78,
P0CW24,
P0DJD0,
P0DKB6,
P0DMM9,
P0DN79,
P0DOY3,
P0DP25,
P0DPB6,
P10073,
P10114,
P10144,
P10412,
P10523,
P10586,
P10591,
P10599,
P10636,
P10643,
P10644,
P10645,
P10721,
P10768,
P10909,
P10911,
P11021,
P11047,
P11055,
P11087,
P11137,
P11142,
P11166,
P11171,
P11172,
P11182,
P11216,
P11217,
P11226,
P11233,
P11274,
P11277,
P11310,
P11387,
P11388,
P11413,
P11498,
P11509,
P11532,
P11586,
P11597,
P11684,
P11717,
P11908,
P11926,
P11940,
P12035,
P12081,
P12107,
P12111,
P12259,
P12532,
P12814,
P12882,
P12883,
P12955,
P12956,
P13191,
P13473,
P13535,
P13584,
P13611,
P13612,
P13639,
P13646,
P13647,
P13667,
P13671,
P13716,
P13796,
P13798,
P13805,
P13866,
P13929,
P13987,
P14046,
P14151,
P14314,
P14410,
P14415,
P14550,
P14616,
P14618,
P14625,
P14780,
P14868,
P15144,
P15151,
P15153,
P15169,
P15311,
P15538,
P15735,
P15822,
P16035,
P16070,
P16157,
P16233,
P16234,
P16260,
P16401,
P16402,
P16403,
P16435,
P16452,
P16615,
P16930,
P17019,
P17022,
P17039,
P17066,
P17213,
P17600,
P17612,
P17643,
P17735,
P17858,
P17900,
P17927,
P17936,
P17947,
P18206,
P18428,
P18433,
P18510,
P18577,
P18754,
P18850,
P19021,
P19022,
P19174,
P19256,
P19320,
P19634,
P19652,
P19823,
P19827,
P19999,
P20020,
P20073,
P20592,
P20594,
P20618,
P20742,
P20807,
P20827,
P20839,
P20849,
P20851,
P20929,
P20930,
P21108,
P21333,
P21359,
P21397,
P21781,
P21802,
P21817,
P21941,
P22003,
P22059,
P22061,
P22105,
P22234,
P22303,
P22314,
P22352,
P22455,
P22692,
P22695,
P22792,
P22888,
P22894,
P22897,
P23025,
P23141,
P23193,
P23276,
P23284,
P23468,
P23469,
P23470,
P23526,
P23528,
P23634,
P23942,
P24071,
P24386,
P24462,
P24593,
P24752,
P25021,
P25103,
P25311,
P25325,
P25445,
P25705,
P25774,
P25786,
P25787,
P25789,
P25874,
P25940,
P26006,
P26038,
P26232,
P26374,
P26447,
P26572,
P26599,
P26639,
P26927,
P27105,
P27144,
P27169,
P27338,
P27348,
P27449,
P27487,
P27658,
P27797,
P27824,
P27918,
P28066,
P28289,
P28330,
P28331,
P28482,
P28566,
P28845,
P29083,
P29122,
P29144,
P29374,
P29400,
P29401,
P29475,
P29622,
P29803,
P29973,
P29992,
P30040,
P30101,
P30153,
P30304,
P30519,
P30556,
P30838,
P31040,
P31146,
P31512,
P31629,
P31641,
P31930,
P31946,
P31947,
P32019,
P32119,
P32322,
P32780,
P32926,
P33151,
P33241,
P33527,
P33908,
P33981,
P34897,
P34932,
P34949,
P35052,
P35221,
P35241,
P35247,
P35251,
P35318,
P35523,
P35527,
P35542,
P35555,
P35568,
P35573,
P35579,
P35580,
P35590,
P35611,
P35612,
P35613,
P35626,
P35658,
P35670,
P35716,
P35749,
P35754,
P35858,
P36406,
P36551,
P36888,
P36955,
P36957,
P37058,
P37288,
P37837,
P37840,
P38606,
P38919,
P38935,
P39023,
P39748,
P40189,
P40197,
P40222,
P40227,
P40306,
P40692,
P40855,
P40879,
P40925,
P41091,
P41208,
P41236,
P41250,
P41252,
P41440,
P42224,
P42263,
P42285,
P42336,
P42356,
P42681,
P42684,
P42695,
P42772,
P43121,
P43246,
P43251,
P43353,
P43358,
P43361,
P43366,
P43652,
P43686,
P45379,
P45983,
P46013,
P46019,
P46020,
P46100,
P46379,
P46459,
P46597,
P46776,
P46821,
P46939,
P46940,
P46976,
P47755,
P47756,
P47869,
P48052,
P48058,
P48169,
P48426,
P48443,
P48553,
P48556,
P48594,
P48637,
P48643,
P48723,
P48729,
P48736,
P48740,
P49221,
P49281,
P49326,
P49419,
P49441,
P49454,
P49588,
P49589,
P49643,
P49675,
P49703,
P49720,
P49721,
P49753,
P49755,
P49756,
P49770,
P49790,
P49796,
P49815,
P49841,
P49848,
P49863,
P49916,
P50213,
P50219,
P50222,
P50281,
P50395,
P50416,
P50440,
P50461,
P50542,
P50552,
P50553,
P50579,
P50895,
P50990,
P51003,
P51157,
P51398,
P51508,
P51522,
P51523,
P51532,
P51587,
P51635,
P51654,
P51659,
P51665,
P51687,
P51689,
P51693,
P51797,
P51813,
P51816,
P51825,
P51858,
P51884,
P51957,
P52179,
P52209,
P52306,
P52565,
P52566,
P52701,
P52742,
P52744,
P52756,
P52789,
P52799,
P52824,
P52907,
P52948,
P53350,
P53367,
P53396,
P53618,
P53634,
P53675,
P53990,
P54071,
P54108,
P54132,
P54274,
P54277,
P54652,
P54707,
P54725,
P54750,
P54762,
P54802,
P55061,
P55072,
P55081,
P55103,
P55160,
P55196,
P55211,
P55291,
P55317,
P55773,
P55795,
P55884,
P56192,
P56381,
P57076,
P57087,
P58107,
P58215,
P58397,
P58418,
P59044,
P59047,
P59910,
P60174,
P60709,
P60842,
P60900,
P61011,
P61088,
P61129,
P61160,
P61201,
P61224,
P61296,
P61366,
P61565,
P61576,
P61601,
P61758,
P61769,
P61952,
P61981,
P62258,
P62328,
P62333,
P62491,
P62633,
P62684,
P62736,
P62760,
P62820,
P62826,
P62917,
P62937,
P62942,
P63010,
P63096,
P63104,
P63128,
P67812,
P67936,
P68032,
P68036,
P68104,
P68133,
P68400,
P68871,
P69849,
P69891,
P69892,
P69905,
P78312,
P78344,
P78363,
P78364,
P78417,
P78527,
P78559,
P80108,
P80303,
P80404,
P81133,
P81877,
P82094,
P82251,
P82979,
P82987,
P83105,
P83916,
P98088,
P98161,
P98170,
P98175,
Q00005,
Q00013,
Q00059,
Q00341,
Q00526,
Q00535,
Q00587,
Q00610,
Q00653,
Q00722,
Q00796,
Q00872,
Q00973,
Q01082,
Q01167,
Q01201,
Q01433,
Q01459,
Q01484,
Q01518,
Q01546,
Q01668,
Q01813,
Q01954,
Q02094,
Q02161,
Q02221,
Q02386,
Q02388,
Q02543,
Q02763,
Q02790,
Q02818,
Q03001,
Q03112,
Q03164,
Q03468,
Q03692,
Q03701,
Q03936,
Q04656,
Q04726,
Q04727,
Q04741,
Q05193,
Q05707,
Q05823,
Q05BQ5,
Q05BV3,
Q05C16,
Q05D32,
Q05DH4,
Q06033,
Q06187,
Q06190,
Q06203,
Q06278,
Q06323,
Q06546,
Q06547,
Q06830,
Q07002,
Q07092,
Q07283,
Q07817,
Q07866,
Q07954,
Q08188,
Q08211,
Q08257,
Q08378,
Q08380,
Q08426,
Q08495,
Q08554,
Q08722,
Q08AD1,
Q08AF3,
Q08AG5,
Q08AH1,
Q08ER8,
Q08J23,
Q09666,
Q0VDF9,
Q0ZLH3,
Q10469,
Q10570,
Q10571,
Q10587,
Q10713,
Q11201,
Q12756,
Q12768,
Q12792,
Q12798,
Q12802,
Q12830,
Q12840,
Q12849,
Q12851,
Q12860,
Q12874,
Q12884,
Q12905,
Q12906,
Q12907,
Q12912,
Q12913,
Q12955,
Q12959,
Q12979,
Q13002,
Q13011,
Q13023,
Q13029,
Q13033,
Q13061,
Q13075,
Q13087,
Q13094,
Q13111,
Q13131,
Q13153,
Q13162,
Q13163,
Q13201,
Q13206,
Q13228,
Q13291,
Q13315,
Q13330,
Q13394,
Q13395,
Q13402,
Q13426,
Q13427,
Q13428,
Q13439,
Q13451,
Q13459,
Q13464,
Q13492,
Q13506,
Q13508,
Q13509,
Q13516,
Q13523,
Q13535,
Q13561,
Q13568,
Q13569,
Q13576,
Q13615,
Q13617,
Q13619,
Q13753,
Q13797,
Q13813,
Q13823,
Q13867,
Q13882,
Q14004,
Q14012,
Q14093,
Q14118,
Q14123,
Q14126,
Q14137,
Q14151,
Q14156,
Q14157,
Q14185,
Q14204,
Q14207,
Q14241,
Q14247,
Q14254,
Q14315,
Q14324,
Q14432,
Q14515,
Q14520,
Q14524,
Q14527,
Q14549,
Q14558,
Q14562,
Q14566,
Q14571,
Q14573,
Q14584,
Q14624,
Q14643,
Q14651,
Q14667,
Q14669,
Q14683,
Q14689,
Q14690,
Q14692,
Q14697,
Q14699,
Q14739,
Q14764,
Q14773,
Q14789,
Q14790,
Q14831,
Q14832,
Q14839,
Q14865,
Q14929,
Q14966,
Q14974,
Q14980,
Q14993,
Q14995,
Q14997,
Q149M9,
Q149N8,
Q14C86,
Q14CX5,
Q14D04,
Q15005,
Q15007,
Q15020,
Q15024,
Q15025,
Q15040,
Q15043,
Q15058,
Q15061,
Q15063,
Q15075,
Q15084,
Q15111,
Q15116,
Q15147,
Q15149,
Q15173,
Q15256,
Q15262,
Q15269,
Q15276,
Q15311,
Q15363,
Q15365,
Q15382,
Q15392,
Q15404,
Q15417,
Q15431,
Q15436,
Q15464,
Q15493,
Q15528,
Q15542,
Q15545,
Q15555,
Q15582,
Q15643,
Q15648,
Q15744,
Q15746,
Q15751,
Q15772,
Q15777,
Q15825,
Q15833,
Q15848,
Q15849,
Q15858,
Q15878,
Q15916,
Q16099,
Q16236,
Q16281,
Q16478,
Q16513,
Q16534,
Q16586,
Q16610,
Q16635,
Q16650,
Q16665,
Q16666,
Q16706,
Q16760,
Q16787,
Q16798,
Q16825,
Q16851,
Q16890,
Q17R98,
Q17RD7,
Q1ED39,
Q1MX18,
Q29980,
Q29RF7,
Q2KHM9,
Q2KHR2,
Q2KHR3,
Q2KHT3,
Q2LD37,
Q2M1K9,
Q2M2I5,
Q2M3M2,
Q2NKJ3,
Q2NKX8,
Q2PPJ7,
Q2T9L4,
Q2TAC6,
Q2TAK8,
Q2TAL6,
Q2TB90,
Q2UY09,
Q2VY69,
Q2YD98,
Q32M45,
Q32M84,
Q32MH5,
Q32MK0,
Q32MQ0,
Q32MZ4,
Q32P28,
Q38SD2,
Q3B7T1,
Q3B820,
Q3KNS6,
Q3KR37,
Q3L8U1,
Q3MIN7,
Q3MIT2,
Q3MJ13,
Q3MJ40,
Q3SXY8,
Q3SY89,
Q3SYG4,
Q3T8J9,
Q3T906,
Q3V5L5,
Q3Y5Z3,
Q3YEC7,
Q460N5,
Q496Y0,
Q49AJ0,
Q49AM3,
Q4FZB7,
Q4G0J3,
Q4G0P3,
Q4G0X9,
Q4G0Z9,
Q4JDL3,
Q4L180,
Q4LE39,
Q4U2R8,
Q4V348,
Q4VCS5,
Q4ZJN1,
Q502W6,
Q52LC2,
Q52LW3,
Q53FD0,
Q53G44,
Q53GQ0,
Q53GS7,
Q53H96,
Q53HI1,
Q53LP3,
Q53S48,
Q569H4,
Q58EX2,
Q58FF6,
Q58FF7,
Q58G82,
Q5EBL2,
Q5FVE4,
Q5FWF4,
Q5FWF5,
Q5GAN6,
Q5GFL6,
Q5H9R7,
Q5H9T9,
Q5H9U9,
Q5HY64,
Q5HYC2,
Q5JNZ3,
Q5JPF3,
Q5JRA6,
Q5JRX3,
Q5JS13,
Q5JSZ5,
Q5JTW2,
Q5JUW0,
Q5JV73,
Q5JVG2,
Q5JWF2,
Q5JX69,
Q5JY77,
Q5K4L6,
Q5KU26,
Q5QJ74,
Q5R372,
Q5S007,
Q5SR53,
Q5SRD0,
Q5SRE5,
Q5SRN2,
Q5SSJ5,
Q5ST30,
Q5SW79,
Q5SXH7,
Q5SYB0,
Q5SZJ8,
Q5SZK8,
Q5SZL2,
Q5T0U0,
Q5T160,
Q5T1C6,
Q5T1J6,
Q5T1M5,
Q5T1Q4,
Q5T1R4,
Q5T1V6,
Q5T3I0,
Q5T3J3,
Q5T4B2,
Q5T4D3,
Q5T4S7,
Q5T5U3,
Q5T6C5,
Q5T7N2,
Q5T7W7,
Q5T9S5,
Q5T9Z0,
Q5TA45,
Q5TA77,
Q5TAP6,
Q5TAX3,
Q5TB80,
Q5TCS8,
Q5TD94,
Q5TEA6,
Q5TEJ8,
Q5TGI4,
Q5TH69,
Q5THJ4,
Q5THK1,
Q5TZA2,
Q5U5R9,
Q5UIP0,
Q5VST9,
Q5VT06,
Q5VT25,
Q5VT52,
Q5VT97,
Q5VTH9,
Q5VTJ3,
Q5VTL8,
Q5VTM2,
Q5VTR2,
Q5VTT5,
Q5VU43,
Q5VU57,
Q5VU65,
Q5VU69,
Q5VU97,
Q5VUJ6,
Q5VV42,
Q5VV67,
Q5VVJ2,
Q5VVM6,
Q5VVW2,
Q5VW32,
Q5VW36,
Q5VW38,
Q5VWN6,
Q5VWW1,
Q5VYS8,
Q5VZ89,
Q5VZM2,
Q5W041,
Q5W0A0,
Q5W0B1,
Q5XKP0,
Q5XKR4,
Q5XLA6,
Q5XPI4,
Q5XXA6,
Q60994,
Q63HK5,
Q63HM2,
Q63HN8,
Q641Q2,
Q64LD2,
Q658Y4,
Q66K14,
Q674X7,
Q687X5,
Q68CK6,
Q68CP9,
Q68CQ1,
Q68D10,
Q68DA7,
Q68DC2,
Q68DI1,
Q68DN1,
Q68DU8,
Q6A163,
Q6AHZ1,
Q6AWC2,
Q6BDS2,
Q6DKI1,
Q6E0U4,
Q6ECI4,
Q6EMB2,
Q6EMK4,
Q6GMV2,
Q6GPH4,
Q6H9L7,
Q6IAN0,
Q6IB77,
Q6IE81,
Q6IEE8,
Q6IEG0,
Q6IMI6,
Q6IQ16,
Q6IQ26,
Q6IQ55,
Q6JQN1,
Q6KC79,
Q6KCM7,
Q6KF10,
Q6MZW2,
Q6N022,
Q6NSJ0,
Q6NSJ2,
Q6NSJ5,
Q6NT55,
Q6NUM9,
Q6NW34,
Q6NXG1,
Q6NXP0,
Q6NXS1,
Q6NXT6,
Q6NYC8,
Q6NZY4,
Q6P0N0,
Q6P1K1,
Q6P1K8,
Q6P1N9,
Q6P1R3,
Q6P1R4,
Q6P3X8,
Q6P4E1,
Q6P4Q7,
Q6P6B7,
Q6P6C2,
Q6P9B6,
Q6P9F0,
Q6PCB6,
Q6PI98,
Q6PIJ6,
Q6PIU2,
Q6PJG2,
Q6PJI9,
Q6PJP8,
Q6PKC3,
Q6PKG0,
Q6PL18,
Q6PP77,
Q6PRD1,
Q6Q4G3,
Q6QNY1,
Q6RVD6,
Q6T423,
Q6TGC4,
Q6UB35,
Q6URK8,
Q6UVM3,
Q6UW63,
Q6UWE0,
Q6UWM7,
Q6UWP2,
Q6UWP7,
Q6UX06,
Q6UX71,
Q6UXB8,
Q6UXZ4,
Q6V0I7,
Q6V1P9,
Q6VAB6,
Q6VMQ6,
Q6VVX0,
Q6W4X9,
Q6WCQ1,
Q6WRI0,
Q6XYQ8,
Q6YN16,
Q6ZMT4,
Q6ZMV5,
Q6ZMV9,
Q6ZMW3,
Q6ZN16,
Q6ZN66,
Q6ZN84,
Q6ZNB6,
Q6ZNE5,
Q6ZP01,
Q6ZP82,
Q6ZQQ2,
Q6ZQQ6,
Q6ZQX7,
Q6ZR08,
Q6ZRF8,
Q6ZRK6,
Q6ZRP7,
Q6ZRR7,
Q6ZRV2,
Q6ZS17,
Q6ZSI9,
Q6ZSZ6,
Q6ZT98,
Q6ZTQ4,
Q6ZTR5,
Q6ZTZ1,
Q6ZU15,
Q6ZUS5,
Q6ZUS6,
Q6ZV73,
Q709C8,
Q70CQ1,
Q70CQ2,
Q70CQ3,
Q70CQ4,
Q70EL1,
Q70YC5,
Q71F78,
Q71RC2,
Q75N90,
Q75QN2,
Q75V66,
Q765P7,
Q76KX8,
Q76NI1,
Q7KYR7,
Q7L014,
Q7L0Y3,
Q7L1I2,
Q7L273,
Q7L2E3,
Q7L3B6,
Q7L4E1,
Q7L592,
Q7L5Y6,
Q7L622,
Q7L7X3,
Q7LBR1,
Q7RTP6,
Q7RTT9,
Q7RTY7,
Q7Z2D5,
Q7Z2W7,
Q7Z2X4,
Q7Z2Y8,
Q7Z2Z1,
Q7Z309,
Q7Z398,
Q7Z3T8,
Q7Z406,
Q7Z410,
Q7Z417,
Q7Z494,
Q7Z4L5,
Q7Z4S6,
Q7Z569,
Q7Z589,
Q7Z5L2,
Q7Z5L3,
Q7Z5M5,
Q7Z5M8,
Q7Z601,
Q7Z695,
Q7Z6G8,
Q7Z6J0,
Q7Z6J4,
Q7Z6R9,
Q7Z6Z7,
Q7Z7G0,
Q7Z7G8,
Q7Z7L7,
Q7Z7M9,
Q86SQ7,
Q86T65,
Q86T82,
Q86T90,
Q86TB3,
Q86TL0,
Q86TM3,
Q86TZ1,
Q86U17,
Q86U86,
Q86UK0,
Q86UK5,
Q86UP0,
Q86UP2,
Q86UQ4,
Q86UR5,
Q86UV5,
Q86UW8,
Q86V15,
Q86V25,
Q86VB7,
Q86VD1,
Q86VE0,
Q86VF7,
Q86VI3,
Q86VP3,
Q86VP6,
Q86VQ3,
Q86VR7,
Q86VY4,
Q86VY9,
Q86W25,
Q86W26,
Q86W28,
Q86WI1,
Q86WI3,
Q86WR0,
Q86WT1,
Q86X10,
Q86X27,
Q86X45,
Q86XA9,
Q86XD8,
Q86XE0,
Q86XM0,
Q86XR8,
Q86XX4,
Q86Y38,
Q86YA3,
Q86YC2,
Q86YP4,
Q86YS3,
Q86YT6,
Q86YW0,
Q8HWS3,
Q8IU60,
Q8IUC4,
Q8IUD2,
Q8IUE0,
Q8IUG5,
Q8IUR6,
Q8IUY3,
Q8IVF2,
Q8IVF4,
Q8IVF6,
Q8IVG5,
Q8IVJ1,
Q8IVL0,
Q8IVL1,
Q8IVT5,
Q8IVU1,
Q8IVU9,
Q8IVW4,
Q8IW35,
Q8IW41,
Q8IW75,
Q8IWA4,
Q8IWA6,
Q8IWB6,
Q8IWC1,
Q8IWD4,
Q8IWI9,
Q8IWJ2,
Q8IWL3,
Q8IWU9,
Q8IWV1,
Q8IWV2,
Q8IWY4,
Q8IWZ5,
Q8IX12,
Q8IX19,
Q8IX30,
Q8IX90,
Q8IXF0,
Q8IXH8,
Q8IXL6,
Q8IXQ4,
Q8IXQ5,
Q8IXS0,
Q8IXT1,
Q8IY17,
Q8IY18,
Q8IY21,
Q8IY22,
Q8IY33,
Q8IY42,
Q8IY47,
Q8IY57,
Q8IY92,
Q8IY95,
Q8IYB1,
Q8IYB8,
Q8IYD8,
Q8IYD9,
Q8IYE1,
Q8IYF1,
Q8IYH5,
Q8IYJ1,
Q8IYL3,
Q8IYQ7,
Q8IYT1,
Q8IYT3,
Q8IYV9,
Q8IYW2,
Q8IYW5,
Q8IYX8,
Q8IZ21,
Q8IZ69,
Q8IZF6,
Q8IZH2,
Q8IZI9,
Q8IZJ3,
Q8IZQ1,
Q8IZY2,
Q8J025,
Q8N0V3,
Q8N0Z2,
Q8N111,
Q8N118,
Q8N119,
Q8N129,
Q8N139,
Q8N140,
Q8N141,
Q8N157,
Q8N158,
Q8N1G0,
Q8N1I0,
Q8N283,
Q8N2C7,
Q8N2F6,
Q8N2I9,
Q8N2K1,
Q8N2N9,
Q8N302,
Q8N323,
Q8N335,
Q8N394,
Q8N3A8,
Q8N3C0,
Q8N3C7,
Q8N3E9,
Q8N3G9,
Q8N3K9,
Q8N3S3,
Q8N402,
Q8N412,
Q8N414,
Q8N428,
Q8N441,
Q8N4C6,
Q8N4L1,
Q8N4P6,
Q8N4S0,
Q8N4W9,
Q8N543,
Q8N565,
Q8N584,
Q8N5C6,
Q8N5G2,
Q8N5I4,
Q8N5Q1,
Q8N5S1,
Q8N5Z0,
Q8N608,
Q8N6C5,
Q8N6L0,
Q8N6P7,
Q8N6S4,
Q8N7B9,
Q8N7P1,
Q8N7Z5,
Q8N884,
Q8N8J0,
Q8N8N7,
Q8N8S7,
Q8N8X9,
Q8N8Z6,
Q8N954,
Q8N960,
Q8N999,
Q8N9B5,
Q8N9B8,
Q8N9F7,
Q8N9F8,
Q8N9L7,
Q8N9M1,
Q8N9V2,
Q8N9V6,
Q8N9V7,
Q8NA19,
Q8NA29,
Q8NA66,
Q8NA70,
Q8NA72,
Q8NA82,
Q8NAT2,
Q8NB49,
Q8NB50,
Q8NB78,
Q8NBM4,
Q8NBN3,
Q8NBP7,
Q8NBS9,
Q8NBT2,
Q8NC26,
Q8NC51,
Q8NCL4,
Q8NCM8,
Q8NCV1,
Q8NCY6,
Q8ND56,
Q8ND82,
Q8NDA2,
Q8NDH2,
Q8NDI1,
Q8NDT2,
Q8NDV7,
Q8NDY3,
Q8NE09,
Q8NE22,
Q8NE79,
Q8NEB9,
Q8NEC7,
Q8NEL9,
Q8NEM0,
Q8NEN9,
Q8NEV4,
Q8NEY1,
Q8NEZ3,
Q8NF50,
Q8NF91,
Q8NFA0,
Q8NFD5,
Q8NFH5,
Q8NFP9,
Q8NFU5,
Q8NFU7,
Q8NFW1,
Q8NG08,
Q8NG76,
Q8NGG2,
Q8NGH3,
Q8NGI6,
Q8NGR5,
Q8NGR9,
Q8NGZ0,
Q8NHM5,
Q8NHS9,
Q8NI27,
Q8TAL5,
Q8TB36,
Q8TB45,
Q8TBB5,
Q8TBC4,
Q8TBF8,
Q8TBG4,
Q8TBJ5,
Q8TBX8,
Q8TBY8,
Q8TBZ0,
Q8TBZ2,
Q8TBZ9,
Q8TC59,
Q8TCB6,
Q8TCP9,
Q8TCS8,
Q8TCT8,
Q8TCU6,
Q8TCY9,
Q8TD16,
Q8TD31,
Q8TD57,
Q8TD84,
Q8TDF6,
Q8TDJ6,
Q8TDR0,
Q8TDV2,
Q8TDV5,
Q8TDW0,
Q8TDY2,
Q8TDZ2,
Q8TE56,
Q8TE60,
Q8TE68,
Q8TE73,
Q8TEC5,
Q8TED9,
Q8TEK3,
Q8TEX9,
Q8TEY7,
Q8TF39,
Q8TF40,
Q8TF76,
Q8WTP9,
Q8WTT2,
Q8WU17,
Q8WU43,
Q8WU90,
Q8WUD1,
Q8WUJ0,
Q8WUJ3,
Q8WUM0,
Q8WUQ7,
Q8WUY3,
Q8WV16,
Q8WV37,
Q8WV44,
Q8WV60,
Q8WV99,
Q8WVF1,
Q8WVM8,
Q8WVQ1,
Q8WVY7,
Q8WW12,
Q8WW38,
Q8WWH5,
Q8WWL2,
Q8WWL7,
Q8WWP7,
Q8WWQ0,
Q8WWQ2,
Q8WWU7,
Q8WWW8,
Q8WWZ4,
Q8WX92,
Q8WX94,
Q8WXD2,
Q8WXD9,
Q8WXH0,
Q8WXI7,
Q8WXK3,
Q8WXU2,
Q8WXX0,
Q8WY36,
Q8WY54,
Q8WYA0,
Q8WYJ6,
Q8WYL5,
Q8WYQ4,
Q8WYQ5,
Q8WZ33,
Q8WZ42,
Q8WZ64,
Q8WZ69,
Q8WZA1,
Q92499,
Q92508,
Q92520,
Q92526,
Q92529,
Q92540,
Q92545,
Q92563,
Q92574,
Q92608,
Q92610,
Q92613,
Q92614,
Q92616,
Q92624,
Q92625,
Q92673,
Q92736,
Q92769,
Q92772,
Q92786,
Q92794,
Q92819,
Q92820,
Q92823,
Q92831,
Q92835,
Q92837,
Q92839,
Q92851,
Q92859,
Q92879,
Q92882,
Q92889,
Q92890,
Q92896,
Q92922,
Q92925,
Q92954,
Q92959,
Q92995,
Q93008,
Q93034,
Q93070,
Q93084,
Q93086,
Q969F9,
Q969H8,
Q969N2,
Q969Q1,
Q969Q4,
Q969Q6,
Q969V6,
Q969X5,
Q969Z0,
Q96A65,
Q96AP4,
Q96AQ2,
Q96AX1,
Q96B23,
Q96B97,
Q96BA8,
Q96BD8,
Q96BM0,
Q96BP3,
Q96BR9,
Q96BT1,
Q96BV0,
Q96BY6,
Q96C45,
Q96CP2,
Q96CW1,
Q96DA0,
Q96DI7,
Q96DT5,
Q96DY7,
Q96DZ5,
Q96EA4,
Q96EN8,
Q96EV2,
Q96F15,
Q96F24,
Q96FC9,
Q96FJ0,
Q96FN4,
Q96FV9,
Q96GC6,
Q96GC9,
Q96GE4,
Q96GE5,
Q96GM8,
Q96GR2,
Q96GY0,
Q96H22,
Q96HE7,
Q96HP4,
Q96HW7,
Q96HY7,
Q96I25,
Q96IY4,
Q96J87,
Q96JB1,
Q96JB2,
Q96JE9,
Q96JG9,
Q96JI7,
Q96JJ6,
Q96JM2,
Q96JM7,
Q96JP5,
Q96K30,
Q96K31,
Q96K37,
Q96K76,
Q96K80,
Q96KM6,
Q96KN2,
Q96KR7,
Q96KX2,
Q96L12,
Q96L21,
Q96L91,
Q96L93,
Q96L96,
Q96LA5,
Q96LW4,
Q96M34,
Q96M89,
Q96MC4,
Q96ME1,
Q96MH7,
Q96MX6,
Q96MY7,
Q96N16,
Q96N22,
Q96N23,
Q96N38,
Q96N96,
Q96ND8,
Q96NG3,
Q96NI6,
Q96NI8,
Q96NJ3,
Q96NN9,
Q96NR3,
Q96NR8,
Q96P31,
Q96P44,
Q96P48,
Q96P50,
Q96P66,
Q96PB1,
Q96PC5,
Q96PD5,
Q96PE2,
Q96PM9,
Q96PN6,
Q96PP9,
Q96PQ0,
Q96PQ7,
Q96PX1,
Q96PX9,
Q96PZ7,
Q96Q04,
Q96Q06,
Q96Q89,
Q96QA5,
Q96QB1,
Q96QD5,
Q96QE3,
Q96QF0,
Q96QP1,
Q96QS6,
Q96QU8,
Q96QZ0,
Q96R06,
Q96RI0,
Q96RI1,
Q96RL6,
Q96RL7,
Q96RR4,
Q96RU2,
Q96RV3,
Q96S59,
Q96S86,
Q96S94,
Q96SB3,
Q96SL4,
Q96ST8,
Q96T21,
Q96T68,
Q96TC7,
Q99102,
Q99259,
Q99442,
Q99457,
Q99459,
Q99466,
Q99497,
Q99518,
Q99549,
Q99551,
Q99571,
Q99593,
Q99608,
Q99615,
Q99698,
Q99715,
Q99728,
Q99741,
Q99742,
Q99758,
Q99767,
Q99784,
Q99832,
Q99959,
Q99961,
Q99963,
Q99973,
Q99996,
Q99999,
Q9BPW5,
Q9BPZ3,
Q9BQ04,
Q9BQ51,
Q9BQ61,
Q9BQE4,
Q9BQE5,
Q9BQK8,
Q9BQL6,
Q9BQW3,
Q9BRC7,
Q9BRJ2,
Q9BRX5,
Q9BS26,
Q9BSG1,
Q9BSJ2,
Q9BSK4,
Q9BT81,
Q9BTC0,
Q9BTT4,
Q9BTW9,
Q9BU19,
Q9BU64,
Q9BU76,
Q9BUY7,
Q9BV36,
Q9BV73,
Q9BV86,
Q9BVI0,
Q9BVJ6,
Q9BVS5,
Q9BVV6,
Q9BW19,
Q9BW27,
Q9BW83,
Q9BWD1,
Q9BWP8,
Q9BWV3,
Q9BWW9,
Q9BX26,
Q9BX82,
Q9BX84,
Q9BXF3,
Q9BXF9,
Q9BXI2,
Q9BXI6,
Q9BXM0,
Q9BXU7,
Q9BXW9,
Q9BY11,
Q9BY32,
Q9BY66,
Q9BY76,
Q9BY89,
Q9BYC5,
Q9BYE7,
Q9BYG5,
Q9BYT8,
Q9BYV6,
Q9BYV9,
Q9BYW2,
Q9BZ29,
Q9BZC7,
Q9BZF1,
Q9BZF9,
Q9BZI1,
Q9BZJ6,
Q9BZK7,
Q9BZL6,
Q9BZM4,
Q9BZQ2,
Q9BZR9,
Q9BZV3,
Q9BZZ2,
Q9C035,
Q9C075,
Q9C099,
Q9C0A1,
Q9C0D2,
Q9C0D4,
Q9C0D5,
Q9C0D7,
Q9C0F0,
Q9C0F1,
Q9C0G0,
Q9C0G6,
Q9C0I3,
Q9C0K3,
Q9GZN1,
Q9GZQ3,
Q9GZR1,
Q9GZR2,
Q9GZR7,
Q9GZS1,
Q9GZT6,
Q9GZV1,
Q9GZY8,
Q9GZZ1,
Q9H0A0,
Q9H0A3,
Q9H0C3,
Q9H0D6,
Q9H0E3,
Q9H0F7,
Q9H0G5,
Q9H0J9,
Q9H0K1,
Q9H0K6,
Q9H0N0,
Q9H0V1,
Q9H159,
Q9H173,
Q9H1B5,
Q9H1D9,
Q9H1H9,
Q9H1J7,
Q9H201,
Q9H227,
Q9H228,
Q9H2C2,
Q9H2E6,
Q9H2G9,
Q9H2K8,
Q9H2M9,
Q9H2P0,
Q9H2S9,
Q9H2X6,
Q9H2X8,
Q9H2Z4,
Q9H347,
Q9H3H5,
Q9H3N1,
Q9H3Q1,
Q9H3R0,
Q9H3T3,
Q9H422,
Q9H479,
Q9H488,
Q9H489,
Q9H4A6,
Q9H4B8,
Q9H4G4,
Q9H4H8,
Q9H4I0,
Q9H4I3,
Q9H4M3,
Q9H501,
Q9H579,
Q9H5J4,
Q9H6B4,
Q9H6Q3,
Q9H6R0,
Q9H6R3,
Q9H6T0,
Q9H6U6,
Q9H6Z4,
Q9H741,
Q9H7E2,
Q9H7F0,
Q9H7U1,
Q9H814,
Q9H857,
Q9H8X2,
Q9H8Y8,
Q9H902,
Q9H939,
Q9H9A5,
Q9H9B4,
Q9H9C1,
Q9H9E3,
Q9H9G7,
Q9H9Q2,
Q9HAC7,
Q9HAT8,
Q9HAW4,
Q9HAZ2,
Q9HB55,
Q9HB71,
Q9HBH7,
Q9HBI1,
Q9HBJ7,
Q9HBT6,
Q9HBY8,
Q9HC10,
Q9HC36,
Q9HC38,
Q9HC77,
Q9HC84,
Q9HCD6,
Q9HCE3,
Q9HCG7,
Q9HCG8,
Q9HCH3,
Q9HCI7,
Q9HCJ1,
Q9HCJ5,
Q9HCK4,
Q9HCL0,
Q9HCM3,
Q9HCM9,
Q9HCS5,
Q9HD15,
Q9HD90,
Q9NNW7,
Q9NNZ6,
Q9NP08,
Q9NP59,
Q9NP62,
Q9NP64,
Q9NP73,
Q9NP97,
Q9NP99,
Q9NPB3,
Q9NPC3,
Q9NPF8,
Q9NPH3,
Q9NPR2,
Q9NQ29,
Q9NQ32,
Q9NQ35,
Q9NQ38,
Q9NQ50,
Q9NQ55,
Q9NQ66,
Q9NQ79,
Q9NQA5,
Q9NQB0,
Q9NQC3,
Q9NQC7,
Q9NQH7,
Q9NQS1,
Q9NQT8,
Q9NQV6,
Q9NQW7,
Q9NQX0,
Q9NQX3,
Q9NR09,
Q9NR20,
Q9NR48,
Q9NR50,
Q9NR77,
Q9NR82,
Q9NR83,
Q9NRB3,
Q9NRE2,
Q9NRH2,
Q9NRL2,
Q9NRM0,
Q9NRM6,
Q9NRR4,
Q9NRR6,
Q9NRY4,
Q9NS87,
Q9NSD4,
Q9NSD9,
Q9NSE4,
Q9NSI6,
Q9NSV4,
Q9NSY1,
Q9NU02,
Q9NU22,
Q9NUD7,
Q9NUJ1,
Q9NUL3,
Q9NUP7,
Q9NUQ3,
Q9NUQ6,
Q9NV70,
Q9NV88,
Q9NVA1,
Q9NVC6,
Q9NVE5,
Q9NVF7,
Q9NVH1,
Q9NVH2,
Q9NVM9,
Q9NVN8,
Q9NVR2,
Q9NVR5,
Q9NVR7,
Q9NVX7,
Q9NW08,
Q9NW13,
Q9NW75,
Q9NWQ4,
Q9NWS8,
Q9NWU5,
Q9NWV4,
Q9NWX5,
Q9NWZ8,
Q9NX57,
Q9NX58,
Q9NX77,
Q9NXB9,
Q9NXG0,
Q9NXL9,
Q9NXR1,
Q9NXS3,
Q9NXZ1,
Q9NY15,
Q9NY46,
Q9NY47,
Q9NY61,
Q9NY74,
Q9NY91,
Q9NY97,
Q9NYB9,
Q9NYC9,
Q9NYH9,
Q9NYI0,
Q9NYL5,
Q9NYQ7,
Q9NYU1,
Q9NYU2,
Q9NYY8,
Q9NZ08,
Q9NZ32,
Q9NZ52,
Q9NZC9,
Q9NZI2,
Q9NZI8,
Q9NZJ4,
Q9NZL3,
Q9NZM5,
Q9NZP8,
Q9P055,
Q9P0I2,
Q9P0J6,
Q9P0K7,
Q9P0L1,
Q9P0W8,
Q9P1A6,
Q9P1W3,
Q9P1W9,
Q9P202,
Q9P203,
Q9P217,
Q9P218,
Q9P219,
Q9P225,
Q9P241,
Q9P244,
Q9P258,
Q9P260,
Q9P266,
Q9P273,
Q9P275,
Q9P278,
Q9P299,
Q9P2B7,
Q9P2D1,
Q9P2D3,
Q9P2D6,
Q9P2D8,
Q9P2E2,
Q9P2E9,
Q9P2F5,
Q9P2F8,
Q9P2H5,
Q9P2K2,
Q9P2K3,
Q9P2K5,
Q9P2K9,
Q9P2L0,
Q9P2N4,
Q9P2P1,
Q9P2P6,
Q9P2Y5,
Q9UBC5,
Q9UBJ2,
Q9UBK2,
Q9UBP9,
Q9UBR2,
Q9UBT6,
Q9UBX1,
Q9UDR5,
Q9UDX4,
Q9UF33,
Q9UFD9,
Q9UFH2,
Q9UG01,
Q9UG56,
Q9UGL1,
Q9UGM5,
Q9UGN5,
Q9UGU5,
Q9UH90,
Q9UH99,
Q9UHB6,
Q9UHD8,
Q9UHF7,
Q9UHH9,
Q9UHN6,
Q9UHQ9,
Q9UHR5,
Q9UHV7,
Q9UHW9,
Q9UI12,
Q9UI26,
Q9UI32,
Q9UI33,
Q9UIA9,
Q9UID6,
Q9UIF8,
Q9UIF9,
Q9UIG0,
Q9UII4,
Q9UII5,
Q9UIJ7,
Q9UIV1,
Q9UIV8,
Q9UIX4,
Q9UJ04,
Q9UJ41,
Q9UJ71,
Q9UJC3,
Q9UJV3,
Q9UJV9,
Q9UJX3,
Q9UK17,
Q9UK32,
Q9UK55,
Q9UK61,
Q9UKA2,
Q9UKA9,
Q9UKD2,
Q9UKE5,
Q9UKG9,
Q9UKK3,
Q9UKN7,
Q9UKT4,
Q9UKU0,
Q9UKV8,
Q9UKX2,
Q9UKX3,
Q9UKX5,
Q9UKY1,
Q9UL40,
Q9UL45,
Q9UL46,
Q9UL51,
Q9UL54,
Q9ULC3,
Q9ULC4,
Q9ULC5,
Q9ULC6,
Q9ULD0,
Q9ULD2,
Q9ULD4,
Q9ULD5,
Q9ULD9,
Q9ULE6,
Q9ULH1,
Q9ULI1,
Q9ULI3,
Q9ULI4,
Q9ULJ1,
Q9ULJ3,
Q9ULK0,
Q9ULK4,
Q9ULL5,
Q9ULL8,
Q9ULM0,
Q9ULQ0,
Q9ULR0,
Q9ULU4,
Q9ULW0,
Q9ULX3,
Q9UM01,
Q9UM44,
Q9UMD9,
Q9UMN6,
Q9UMQ3,
Q9UMR7,
Q9UMS5,
Q9UMS6,
Q9UMZ2,
Q9UNA1,
Q9UNQ0,
Q9UNU6,
Q9UNW1,
Q9UNY4,
Q9UNZ5,
Q9UP83,
Q9UP95,
Q9UPA5,
Q9UPN3,
Q9UPN4,
Q9UPP5,
Q9UPR0,
Q9UPR5,
Q9UPT5,
Q9UPT8,
Q9UPU3,
Q9UPV0,
Q9UPV9,
Q9UPW8,
Q9UPX6,
Q9UQ52,
Q9UQ53,
Q9UQD0,
Q9UQE7,
Q9UQF0,
Q9UQL6,
Q9XRX5,
Q9Y217,
Q9Y219,
Q9Y234,
Q9Y250,
Q9Y265,
Q9Y271,
Q9Y274,
Q9Y279,
Q9Y281,
Q9Y283,
Q9Y285,
Q9Y2C4,
Q9Y2E6,
Q9Y2G3,
Q9Y2H2,
Q9Y2H6,
Q9Y2H8,
Q9Y2H9,
Q9Y2I1,
Q9Y2I7,
Q9Y2K1,
Q9Y2K5,
Q9Y2K7,
Q9Y2K9,
Q9Y2Q0,
Q9Y2Q3,
Q9Y2S7,
Q9Y2W1,
Q9Y2W2,
Q9Y2X0,
Q9Y2X3,
Q9Y2X9,
Q9Y3A3,
Q9Y3A5,
Q9Y3A6,
Q9Y3D6,
Q9Y3P9,
Q9Y3R5,
Q9Y421,
Q9Y450,
Q9Y463,
Q9Y487,
Q9Y490,
Q9Y493,
Q9Y4A0,
Q9Y4A5,
Q9Y4B4,
Q9Y4B5,
Q9Y4B6,
Q9Y4C1,
Q9Y4C8,
Q9Y4D1,
Q9Y4D8,
Q9Y4E5,
Q9Y4F3,
Q9Y4F5,
Q9Y4G6,
Q9Y4G8,
Q9Y4I1,
Q9Y4I5,
Q9Y4K3,
Q9Y4K4,
Q9Y4L1,
Q9Y4P9,
Q9Y530,
Q9Y587,
Q9Y5A6,
Q9Y5A7,
Q9Y5B6,
Q9Y5E1,
Q9Y5F9,
Q9Y5H4,
Q9Y5I3,
Q9Y5N1,
Q9Y5R6,
Q9Y5S2,
Q9Y5X9,
Q9Y5Y7,
Q9Y600,
Q9Y603,
Q9Y606,
Q9Y608,
Q9Y616,
Q9Y618,
Q9Y619,
Q9Y623,
Q9Y624,
Q9Y6A2,
Q9Y6A4,
Q9Y6F1,
Q9Y6G9,
Q9Y6M1,
Q9Y6N7,
Q9Y6P5,
Q9Y6Q3,
Q9Y6R0,
Q9Y6R6,
Q9Y6R7,
Q9Y6T7,
Q9Y6U3,
Q9Y6V0,
Q9Y6X4,
Q9Y6Y8,
A0A075B6H9,
A0A075B7F0,
A0A087WSX0,
A0A0A0MS00,
A0A0B4J1V0,
A0A0B4J1V6,
A0A0B4J1V7,
A0A0B4J1X5,
A0A0B4J1Y9,
A0A0B4J280,
A0A0C4DH24,
A0A0C4DH34,
A0A0C4DH38,
A0A0C4DH39,
A0A0J9YX57,
A0A0U1RQV1,
A0AUZ9,
A0FGR8,
A0JNW5,
A0JP26,
A0M8Q6,
A0MZ66,
A1IGU5,
A2A2Z9,
A2A3L6,
A2CJ06,
A2RTY3,
A2RUB1,
A2RUR9,
A2RUU4,
A3KMH1,
A4D2P6,
A4FU49,
A4UGR9,
A5D8W1,
A5PKW4,
A5PLN7,
A6H8Y1,
A6H8Z2,
A6NC86,
A6NC97,
A6NCI4,
A6NDG6,
A6NE02,
A6NFE3,
A6NFQ2,
A6NG13,
A6NGG8,
A6NHS7,
A6NHT5,
A6NHZ5,
A6NJ46,
A6NJ64,
A6NLX3,
A6NMK8,
A6NMZ7,
A6NN14,
A6NNS2,
A6PVC2,
A7E2U8,
A7E2V4,
A7E2Y1,
A7MBM2,
A7MCY6,
A8K2U0,
A8K7I4,
A8K855,
A8MPS7,
A8MTJ3,
A8MU46,
A8MVM7,
A8MWD9,
A8MXQ7,
A8MY62,
A8MZ26,
A8TX70,
A9Z1Z3,
B1AJZ9,
B2RC85,
B2RNN3,
B2RTY4,
B9A064,
H3BNC9,
J4T709,
J4T902,
J4TF41,
J5MGJ8,
J5PXD2,
J5Q4T5,
J5QG44,
J6DIX5,
J6DJN1,
J6DNX5,
J6DPM5,
J6DQV0,
J6DWV6,
J6DXQ9,
N6TUJ6,
N6TVH5,
N6U3Y8,
N6U7K3,
N6UCF6,
N6UEK4,
N6UWD1,
N6V0Z9,
